ID,ALT_TEXT,URL,CREATED_AT
gid://shopify/MediaImage/51975787151731,N/A,https://cdn.shopify.com/s/files/1/0908/6120/7923/files/H_Website_Banners_W_1920_x_H_600_pxl_12_12_23-06.webp?v=1743426263,2025-03-31T13:04:22Z
gid://shopify/MediaImage/51975787217267,N/A,https://cdn.shopify.com/s/files/1/0908/6120/7923/files/H_Website_Banners_W_1920_x_H_600_pxl_12_12_23-05.webp?v=1743426264,2025-03-31T13:04:23Z
gid://shopify/MediaImage/51975792099699,N/A,https://cdn.shopify.com/s/files/1/0908/6120/7923/files/modern-medical-and-health-care-center-ayurvedic-logo-design-illustration-free-vector.jpg?v=1743426702,2025-03-31T13:11:41Z
gid://shopify/MediaImage/51978308878707,N/A,https://cdn.shopify.com/s/files/1/0908/6120/7923/files/WhatsApp_Image_2025-04-01_at_10.34.27_AM.jpg?v=1743484642,2025-04-01T05:17:21Z
gid://shopify/MediaImage/51978311795059,N/A,https://cdn.shopify.com/s/files/1/0908/6120/7923/files/WhatsApp_Image_2025-04-01_at_10.34.25_AM.jpg?v=1743484845,2025-04-01T05:20:44Z
gid://shopify/MediaImage/51978315137395,N/A,https://cdn.shopify.com/s/files/1/0908/6120/7923/files/WhatsApp_Image_2025-04-01_at_10.34.27_AM-removebg-preview.png?v=1743485134,2025-04-01T05:25:33Z
gid://shopify/MediaImage/51978405773683,N/A,https://cdn.shopify.com/s/files/1/0908/6120/7923/files/icon1.png?v=1743487715,2025-04-01T06:08:33Z
gid://shopify/MediaImage/51978445226355,N/A,https://cdn.shopify.com/s/files/1/0908/6120/7923/files/02.jpg?v=1743488426,2025-04-01T06:20:25Z
gid://shopify/MediaImage/51978511581555,N/A,https://cdn.shopify.com/s/files/1/0908/6120/7923/files/svgviewer-png-output.png?v=1743489347,2025-04-01T06:35:46Z
gid://shopify/MediaImage/51978511614323,N/A,https://cdn.shopify.com/s/files/1/0908/6120/7923/files/svgviewer-png-output_2.png?v=1743489348,2025-04-01T06:35:47Z
gid://shopify/MediaImage/51979054743923,N/A,https://cdn.shopify.com/s/files/1/0908/6120/7923/files/female-yoga.jpg?v=1743499348,2025-04-01T09:22:27Z
gid://shopify/MediaImage/51979670847859,N/A,https://cdn.shopify.com/s/files/1/0908/6120/7923/files/arrow.png?v=1743504362,2025-04-01T10:46:01Z
gid://shopify/MediaImage/51980265062771,N/A,https://cdn.shopify.com/s/files/1/0908/6120/7923/files/brand-6.png?v=1743509541,2025-04-01T12:12:20Z
gid://shopify/MediaImage/51980265095539,N/A,https://cdn.shopify.com/s/files/1/0908/6120/7923/files/logo-11.png?v=1743509541,2025-04-01T12:12:20Z
gid://shopify/MediaImage/51980316148083,N/A,https://cdn.shopify.com/s/files/1/0908/6120/7923/files/01.jpg?v=1743509932,2025-04-01T12:18:51Z
gid://shopify/MediaImage/51980316180851,N/A,https://cdn.shopify.com/s/files/1/0908/6120/7923/files/02_e1d56820-a989-42ea-83f0-1854bbd54f70.jpg?v=1743509933,2025-04-01T12:18:51Z
gid://shopify/MediaImage/51980316246387,N/A,https://cdn.shopify.com/s/files/1/0908/6120/7923/files/03.jpg?v=1743509933,2025-04-01T12:18:51Z
gid://shopify/MediaImage/51980316279155,N/A,https://cdn.shopify.com/s/files/1/0908/6120/7923/files/04.jpg?v=1743509932,2025-04-01T12:18:51Z
gid://shopify/MediaImage/51980316311923,N/A,https://cdn.shopify.com/s/files/1/0908/6120/7923/files/05.jpg?v=1743509933,2025-04-01T12:18:51Z
gid://shopify/MediaImage/51980316377459,N/A,https://cdn.shopify.com/s/files/1/0908/6120/7923/files/08.jpg?v=1743509932,2025-04-01T12:18:51Z
gid://shopify/MediaImage/51980377260403,N/A,https://cdn.shopify.com/s/files/1/0908/6120/7923/files/brand-8.png?v=1743510376,2025-04-01T12:26:15Z
gid://shopify/MediaImage/51980377325939,N/A,https://cdn.shopify.com/s/files/1/0908/6120/7923/files/brand-3.png?v=1743510376,2025-04-01T12:26:15Z
gid://shopify/MediaImage/51980597297523,N/A,https://cdn.shopify.com/s/files/1/0908/6120/7923/files/WhatsApp_Image_2025-04-01_at_10.34.21_AM.jpg?v=1743512694,2025-04-01T13:04:53Z
gid://shopify/MediaImage/51980597330291,N/A,https://cdn.shopify.com/s/files/1/0908/6120/7923/files/WhatsApp_Image_2025-04-01_at_10.34.24_AM.jpg?v=1743512694,2025-04-01T13:04:53Z
gid://shopify/MediaImage/51988360233331,N/A,https://cdn.shopify.com/s/files/1/0908/6120/7923/files/blog-3.png?v=1743592671,2025-04-02T11:17:50Z
gid://shopify/MediaImage/51988360266099,N/A,https://cdn.shopify.com/s/files/1/0908/6120/7923/files/blog-2.png?v=1743592671,2025-04-02T11:17:50Z
gid://shopify/MediaImage/51988360298867,N/A,https://cdn.shopify.com/s/files/1/0908/6120/7923/files/blog-4.png?v=1743592671,2025-04-02T11:17:50Z
gid://shopify/MediaImage/51988482785651,N/A,https://cdn.shopify.com/s/files/1/0908/6120/7923/files/ChatGPT_Image_Apr_2_2025_05_14_49_PM.png?v=1743594420,2025-04-02T11:46:59Z
gid://shopify/MediaImage/51988490682739,N/A,https://cdn.shopify.com/s/files/1/0908/6120/7923/files/ChatGPT_Image_Apr_2_2025_05_17_19_PM.png?v=1743594515,2025-04-02T11:48:34Z
gid://shopify/MediaImage/51995946418547,N/A,https://cdn.shopify.com/s/files/1/0908/6120/7923/files/ChatGPT_Image_Apr_3_2025_11_49_18_AM.png?v=1743661227,2025-04-03T06:20:26Z
gid://shopify/MediaImage/51996044132723,N/A,https://cdn.shopify.com/s/files/1/0908/6120/7923/files/ChatGPT_Image_Apr_3_2025_12_00_24_PM.png?v=1743661917,2025-04-03T06:31:55Z
gid://shopify/MediaImage/51996105015667,N/A,https://cdn.shopify.com/s/files/1/0908/6120/7923/files/ChatGPT_Image_Apr_3_2025_12_07_36_PM.png?v=1743662321,2025-04-03T06:38:40Z
gid://shopify/MediaImage/51996128706931,N/A,https://cdn.shopify.com/s/files/1/0908/6120/7923/files/Ayurvedic_Banner_400px.png?v=1744031435,2025-04-03T06:41:27Z
gid://shopify/MediaImage/51996221505907,N/A,https://cdn.shopify.com/s/files/1/0908/6120/7923/files/ChatGPT_Image_Apr_3_2025_12_21_03_PM.png?v=1743663136,2025-04-03T06:52:15Z
gid://shopify/MediaImage/51996263416179,N/A,https://cdn.shopify.com/s/files/1/0908/6120/7923/files/ChatGPT_Image_Apr_3_2025_12_21_03_PM.webp?v=1743663418,2025-04-03T06:56:57Z
gid://shopify/MediaImage/51996303425907,N/A,https://cdn.shopify.com/s/files/1/0908/6120/7923/files/ChatGPT_Image_Apr_3_2025_12_30_01_PM.png?v=1743664312,2025-04-03T07:01:10Z
gid://shopify/MediaImage/51996340257139,N/A,https://cdn.shopify.com/s/files/1/0908/6120/7923/files/Ayurvedic_Banner_Website_Optimized.png?v=1743664003,2025-04-03T07:06:41Z
gid://shopify/MediaImage/51997149626739,N/A,https://cdn.shopify.com/s/files/1/0908/6120/7923/files/mini-banner.jpg?v=1743671530,2025-04-03T09:12:09Z
gid://shopify/MediaImage/52020675117427,N/A,https://cdn.shopify.com/s/files/1/0908/6120/7923/files/Shilajeet.webp?v=1744007533,2025-04-07T06:32:12Z
gid://shopify/GenericFile/52020686618995,N/A,https://cdn.shopify.com/s/files/1/0908/6120/7923/files/ashvagandha-root.avif?v=1744007607,2025-04-07T06:33:27Z
gid://shopify/MediaImage/52020713226611,N/A,https://cdn.shopify.com/s/files/1/0908/6120/7923/files/images.jpg?v=1744007777,2025-04-07T06:36:16Z
gid://shopify/MediaImage/52020725219699,N/A,https://cdn.shopify.com/s/files/1/0908/6120/7923/files/plantzoin-large-caltrops-pahadi-gokhru-pedalium-murex-bada-gokhru-100-gram-product-images-orvwc3kgcxb-p608216977-0-202402280336.webp?v=1744007852,2025-04-07T06:37:32Z
gid://shopify/MediaImage/52020731183475,N/A,https://cdn.shopify.com/s/files/1/0908/6120/7923/files/powder.webp?v=1744007894,2025-04-07T06:38:13Z
gid://shopify/MediaImage/52020731249011,N/A,https://cdn.shopify.com/s/files/1/0908/6120/7923/files/alophatic.webp?v=1744007895,2025-04-07T06:38:14Z
gid://shopify/MediaImage/52020739015027,N/A,https://cdn.shopify.com/s/files/1/0908/6120/7923/files/61dlHueqFfL.jpg?v=1744007940,2025-04-07T06:38:58Z
gid://shopify/MediaImage/52022513631603,N/A,https://cdn.shopify.com/s/files/1/0908/6120/7923/files/04_1c24a946-2394-4f61-8594-65650d0460e1.jpg?v=1744029426,2025-04-07T12:37:05Z
gid://shopify/MediaImage/52022513893747,N/A,https://cdn.shopify.com/s/files/1/0908/6120/7923/files/Apr_7_2025_06_05_39_PM.jpg?v=1744029488,2025-04-07T12:38:06Z
gid://shopify/MediaImage/52022513959283,N/A,https://cdn.shopify.com/s/files/1/0908/6120/7923/files/ChatGPT_Image_Apr_7_2025_06_01_30_PM.png?v=1744029489,2025-04-07T12:38:08Z
gid://shopify/MediaImage/52022513992051,N/A,https://cdn.shopify.com/s/files/1/0908/6120/7923/files/Apr_7_2025_06_05_07_PM.png?v=1744029489,2025-04-07T12:38:08Z
gid://shopify/MediaImage/52022518251891,N/A,https://cdn.shopify.com/s/files/1/0908/6120/7923/files/Apr_7_2025_06_05_39_PM_1.png?v=1744030112,2025-04-07T12:48:31Z
gid://shopify/MediaImage/52022519234931,N/A,https://cdn.shopify.com/s/files/1/0908/6120/7923/files/Apr_7_2025_06_05_39_PM_1_1.png?v=1744030184,2025-04-07T12:49:44Z
gid://shopify/MediaImage/52022529425779,N/A,https://cdn.shopify.com/s/files/1/0908/6120/7923/files/ad46250c-99cf-4409-8548-96702c2abeae.png?v=1744031632,2025-04-07T13:13:50Z
gid://shopify/MediaImage/52028240953715,N/A,https://cdn.shopify.com/s/files/1/0908/6120/7923/files/ChatGPT_Image_Apr_8_2025_12_20_05_PM.png?v=1744095228,2025-04-08T06:53:47Z
gid://shopify/MediaImage/52028250292595,N/A,https://cdn.shopify.com/s/files/1/0908/6120/7923/files/ChatGPT_Image_Apr_8_2025_12_30_10_PM.png?v=1744095937,2025-04-08T07:04:13Z
gid://shopify/MediaImage/52028292530547,N/A,https://cdn.shopify.com/s/files/1/0908/6120/7923/files/ChatGPT_Image_Apr_8_2025_01_26_44_PM.png?v=1744099251,2025-04-08T08:00:49Z
gid://shopify/MediaImage/52028725920115,N/A,https://cdn.shopify.com/s/files/1/0908/6120/7923/files/16_400x_4c56cff3-2f59-4a77-b581-6336285d4dd9.png?v=1744110241,2025-04-08T11:04:00Z
gid://shopify/MediaImage/52028725952883,N/A,https://cdn.shopify.com/s/files/1/0908/6120/7923/files/15_400x_8499c023-3615-4eaf-8e17-613e1c341352.png?v=1744110241,2025-04-08T11:04:00Z
gid://shopify/MediaImage/52028725985651,N/A,https://cdn.shopify.com/s/files/1/0908/6120/7923/files/19_400x_09be1a5a-2622-47ff-9848-716e38ceef84.png?v=1744110241,2025-04-08T11:04:00Z
gid://shopify/MediaImage/52028726018419,N/A,https://cdn.shopify.com/s/files/1/0908/6120/7923/files/17_400x_624ecf8d-2902-4449-87f1-366367e724d5.png?v=1744110242,2025-04-08T11:04:00Z
gid://shopify/MediaImage/52028726051187,N/A,https://cdn.shopify.com/s/files/1/0908/6120/7923/files/20_400x_ac919607-7516-4979-a7b0-23f503aeb710.webp?v=1744110241,2025-04-08T11:04:00Z
gid://shopify/MediaImage/52028749054323,N/A,https://cdn.shopify.com/s/files/1/0908/6120/7923/files/18_400x_b53eb40e-0fa8-42c9-b54c-a0a1a1e823ca.png?v=1744110373,2025-04-08T11:06:12Z
gid://shopify/MediaImage/52028769730931,N/A,https://cdn.shopify.com/s/files/1/0908/6120/7923/files/image_2025_04_08T11_08_51_287Z.png?v=1744110499,2025-04-08T11:08:17Z
gid://shopify/MediaImage/52029521592691,N/A,https://cdn.shopify.com/s/files/1/0908/6120/7923/files/Increases_Sperm_Count_and_Quality_200x_e94a627d-19d9-4a31-95db-17bf0f35a75e.webp?v=1744114821,2025-04-08T12:20:20Z
gid://shopify/MediaImage/52029521625459,N/A,https://cdn.shopify.com/s/files/1/0908/6120/7923/files/Improves_Sperm_Morphology_200x_7ad7659a-8299-4ed0-8bc8-b02f969cac21.webp?v=1744114821,2025-04-08T12:20:20Z
gid://shopify/MediaImage/52029521723763,N/A,https://cdn.shopify.com/s/files/1/0908/6120/7923/files/ere-01_200x_7286da31-af01-4ec2-9b1d-eb2b61695ada.webp?v=1744114821,2025-04-08T12:20:20Z
gid://shopify/MediaImage/52029541777779,N/A,https://cdn.shopify.com/s/files/1/0908/6120/7923/files/Enhances_Sperm_Motility_and_Vitality_200x_8aefec8d-4514-4a7f-b3d9-8649a2aaeac3.png?v=1744114937,2025-04-08T12:22:16Z
gid://shopify/GenericFile/52038682050931,N/A,https://cdn.shopify.com/s/files/1/0908/6120/7923/files/1_419d0346-7a6c-4b59-94c7-02f0f2780ef3.avif?v=1744178706,2025-04-09T06:05:05Z
gid://shopify/GenericFile/52038682083699,N/A,https://cdn.shopify.com/s/files/1/0908/6120/7923/files/2_3b2f4195-b809-4f07-b4c0-2c8390408b72.avif?v=1744178706,2025-04-09T06:05:05Z
gid://shopify/GenericFile/52038682116467,N/A,https://cdn.shopify.com/s/files/1/0908/6120/7923/files/3_fa2922ce-6c39-4e1a-a44f-69e7624669c7.avif?v=1744178706,2025-04-09T06:05:05Z
gid://shopify/GenericFile/52038682149235,N/A,https://cdn.shopify.com/s/files/1/0908/6120/7923/files/image_6.avif?v=1744178706,2025-04-09T06:05:05Z
gid://shopify/GenericFile/52038682182003,N/A,https://cdn.shopify.com/s/files/1/0908/6120/7923/files/image_1.avif?v=1744178706,2025-04-09T06:05:05Z
gid://shopify/GenericFile/52038682214771,N/A,https://cdn.shopify.com/s/files/1/0908/6120/7923/files/image_7.avif?v=1744178706,2025-04-09T06:05:05Z
gid://shopify/MediaImage/52038732054899,N/A,https://cdn.shopify.com/s/files/1/0908/6120/7923/files/1_3_95a22bf5-abf4-4dc3-a6b1-1d3a4c71af83.webp?v=1744179513,2025-04-09T06:18:32Z
gid://shopify/MediaImage/52051775783283,N/A,https://cdn.shopify.com/s/files/1/0908/6120/7923/files/9394331996726334091_2048_custom.jpg?v=1744350885,2025-04-11T05:54:44Z
gid://shopify/MediaImage/52052305150323,N/A,https://cdn.shopify.com/s/files/1/0908/6120/7923/files/6bdfaf4f-4bc5-4489-afb4-5148c2a62b62.jpg?v=1744362319,2025-04-11T09:05:18Z
gid://shopify/MediaImage/52052305183091,N/A,https://cdn.shopify.com/s/files/1/0908/6120/7923/files/240235a3-c5ab-46f1-bde8-8f36508c5b5f.png?v=1744362321,2025-04-11T09:05:19Z
gid://shopify/GenericFile/52052412268915,N/A,https://cdn.shopify.com/s/files/1/0908/6120/7923/files/image_6_b2f7830b-791c-49b3-8944-d65445f70ac9.avif?v=1744363740,2025-04-11T09:28:59Z
gid://shopify/MediaImage/52052434125171,N/A,https://cdn.shopify.com/s/files/1/0908/6120/7923/files/image_6.png?v=1744363927,2025-04-11T09:32:06Z
gid://shopify/MediaImage/52052434157939,N/A,https://cdn.shopify.com/s/files/1/0908/6120/7923/files/image_3.png?v=1744363928,2025-04-11T09:32:06Z
gid://shopify/MediaImage/52052434190707,N/A,https://cdn.shopify.com/s/files/1/0908/6120/7923/files/image_7.png?v=1744363928,2025-04-11T09:32:06Z
gid://shopify/MediaImage/52052434223475,N/A,https://cdn.shopify.com/s/files/1/0908/6120/7923/files/rsz_unnamed.png?v=1744363928,2025-04-11T09:32:06Z
,N/A,N/A,N/A
,N/A,N/A,N/A
,N/A,N/A,N/A
gid://shopify/MediaImage/52052648395123,N/A,https://cdn.shopify.com/s/files/1/0908/6120/7923/files/7_4d06e752-dcb4-4473-be60-821d49f2f93f_550x_1.webp?v=1744366815,2025-04-11T10:20:14Z
gid://shopify/MediaImage/52052711506291,N/A,https://cdn.shopify.com/s/files/1/0908/6120/7923/files/1_10_800x_9bec1b67-afb4-4d9b-b49a-5ae838725479.webp?v=1744368130,2025-04-11T10:42:09Z
gid://shopify/MediaImage/52052711539059,N/A,https://cdn.shopify.com/s/files/1/0908/6120/7923/files/2_4_800x_de659735-52e8-4bdb-bc8f-9309080ca731.webp?v=1744368130,2025-04-11T10:42:09Z
gid://shopify/MediaImage/52052711571827,N/A,https://cdn.shopify.com/s/files/1/0908/6120/7923/files/3_3_800x_d58b1fd0-d0c8-4cf2-84cc-a5cf493dd2e3.webp?v=1744368130,2025-04-11T10:42:09Z
gid://shopify/MediaImage/52052718551411,N/A,https://cdn.shopify.com/s/files/1/0908/6120/7923/files/1_5535b19b-c407-4aa2-bc24-2ec963c2933c_2.webp?v=1744368275,2025-04-11T10:44:34Z
gid://shopify/MediaImage/52052727497075,N/A,https://cdn.shopify.com/s/files/1/0908/6120/7923/files/image_1.png?v=1744368577,2025-04-11T10:49:35Z
gid://shopify/MediaImage/52052727693683,N/A,https://cdn.shopify.com/s/files/1/0908/6120/7923/files/image_2.png?v=1744368577,2025-04-11T10:49:36Z
gid://shopify/MediaImage/52052727726451,N/A,https://cdn.shopify.com/s/files/1/0908/6120/7923/files/image_4.png?v=1744368577,2025-04-11T10:49:36Z
gid://shopify/MediaImage/52052734017907,N/A,https://cdn.shopify.com/s/files/1/0908/6120/7923/files/1_1_bbf9615a-51aa-456d-b1e6-7bc6fcf52d23.webp?v=1744368774,2025-04-11T10:52:53Z
gid://shopify/MediaImage/52068291248499,N/A,https://cdn.shopify.com/s/files/1/0908/6120/7923/files/1x1-march5-HC-Pj-common--1--1744560370.webp?v=1744617766,2025-04-14T08:02:45Z
gid://shopify/MediaImage/52068291281267,N/A,https://cdn.shopify.com/s/files/1/0908/6120/7923/files/63ff4abb3c07be2e23ad0d7c.png?v=1744617766,2025-04-14T08:02:45Z
gid://shopify/MediaImage/52068291314035,N/A,https://cdn.shopify.com/s/files/1/0908/6120/7923/files/1x1-BirthdayBanners-BAU-CommonPants--1744556820.webp?v=1744617766,2025-04-14T08:02:45Z
gid://shopify/MediaImage/52068291346803,N/A,https://cdn.shopify.com/s/files/1/0908/6120/7923/files/Buy-3-CFT-COMMON-1x1-HC-BANNER--2--1744556874.webp?v=1744617766,2025-04-14T08:02:45Z
gid://shopify/MediaImage/52068291379571,N/A,https://cdn.shopify.com/s/files/1/0908/6120/7923/files/1x1-BirthdayBanners-BAU-common-1744556821.webp?v=1744617766,2025-04-14T08:02:45Z
gid://shopify/MediaImage/52068291412339,N/A,https://cdn.shopify.com/s/files/1/0908/6120/7923/files/1x1-BirthdayBanners-Summer-Tee-Common-1744556822.webp?v=1744617766,2025-04-14T08:02:45Z
gid://shopify/MediaImage/52068291445107,N/A,https://cdn.shopify.com/s/files/1/0908/6120/7923/files/1x1-BirthdayBanners-DOTW-COMMON-1744368536.webp?v=1744617766,2025-04-14T08:02:45Z
gid://shopify/MediaImage/52068429398387,N/A,https://cdn.shopify.com/s/files/1/0908/6120/7923/files/13BirthdayBash-SALE-Landing-desktop-men-right-4--1--1744559614.webp?v=1744622675,2025-04-14T09:24:34Z
gid://shopify/MediaImage/52068429431155,N/A,https://cdn.shopify.com/s/files/1/0908/6120/7923/files/13BirthdayBash-SALE-Landing-desktop-women-left-4--1--1744559613.webp?v=1744622675,2025-04-14T09:24:34Z
gid://shopify/MediaImage/52117874606451,N/A,https://cdn.shopify.com/s/files/1/0908/6120/7923/files/Result_You_Can_Expect_With_Shukranu.png?v=1745238179,2025-04-21T12:22:58Z
gid://shopify/MediaImage/52117874639219,N/A,https://cdn.shopify.com/s/files/1/0908/6120/7923/files/R_3.png?v=1745238179,2025-04-21T12:22:58Z
gid://shopify/MediaImage/52117874671987,N/A,https://cdn.shopify.com/s/files/1/0908/6120/7923/files/Untitled_design.png?v=1745238179,2025-04-21T12:22:58Z
gid://shopify/MediaImage/52117874704755,N/A,https://cdn.shopify.com/s/files/1/0908/6120/7923/files/Order_Now.png?v=1745238180,2025-04-21T12:22:58Z
gid://shopify/MediaImage/52117874737523,N/A,https://cdn.shopify.com/s/files/1/0908/6120/7923/files/R_1.png?v=1745238180,2025-04-21T12:22:59Z
gid://shopify/MediaImage/52117874770291,N/A,https://cdn.shopify.com/s/files/1/0908/6120/7923/files/R_2.png?v=1745238180,2025-04-21T12:22:59Z
gid://shopify/MediaImage/52117915206003,N/A,https://cdn.shopify.com/s/files/1/0908/6120/7923/files/Expert_1_1_-1.png?v=1745238768,2025-04-21T12:32:47Z
gid://shopify/MediaImage/52117977760115,N/A,https://cdn.shopify.com/s/files/1/0908/6120/7923/files/Untitled_design_1_2.png?v=1745239691,2025-04-21T12:48:10Z
gid://shopify/MediaImage/52117977792883,N/A,https://cdn.shopify.com/s/files/1/0908/6120/7923/files/Untitled_design_3.png?v=1745239691,2025-04-21T12:48:10Z
gid://shopify/MediaImage/52117977825651,N/A,https://cdn.shopify.com/s/files/1/0908/6120/7923/files/Untitled_design_4.png?v=1745239691,2025-04-21T12:48:10Z
gid://shopify/MediaImage/52117977858419,N/A,https://cdn.shopify.com/s/files/1/0908/6120/7923/files/Untitled_design_2.png?v=1745239691,2025-04-21T12:48:10Z
gid://shopify/MediaImage/52117977891187,N/A,https://cdn.shopify.com/s/files/1/0908/6120/7923/files/Untitled_design_1_1.png?v=1745239691,2025-04-21T12:48:10Z
gid://shopify/MediaImage/52202838917491,N/A,https://cdn.shopify.com/s/files/1/0908/6120/7923/files/ChatGPT_Image_Apr_28_2025_11_54_44_AM.png?v=1745821672,2025-04-28T06:27:51Z
gid://shopify/MediaImage/52325469028723,N/A,https://cdn.shopify.com/s/files/1/0908/6120/7923/files/Still_Thinking.png?v=1746608608,2025-05-07T09:03:26Z
gid://shopify/MediaImage/52325469946227,N/A,https://cdn.shopify.com/s/files/1/0908/6120/7923/files/Untitled_375_x_828_px.png?v=1746608612,2025-05-07T09:03:31Z
